"wdpa_id","screenname","status","stage","name_en","outlook","overall_threat","current_threat","potential_threat","prot_mgmt","wh_value","wh_trend","biodiv_value","biodiv_trend","language","assessment_cycle"
"2010","elena","Completed","Published","Ngorongoro Conservation Area","Good with some concerns","Low Threat","High Threat","Low Threat","Effective","Low Concern","Stable",,,"1","2014"
"17761","elena","Completed","Published","Kilimanjaro National Park","Good with some concerns","Low Threat","Low Threat",,"Effective","Low Concern","Deteriorating","Data Deficient","Data Deficient","1","2014"
"2580","elena","Completed","Published","Niokolo-Koba National Park","Critical","Very High Threat","Very High Threat","High Threat","Serious Concern","Critical","Data Deficient","Critical","Data Deficient","2","2014"
"902487","elena","Completed","Published","Wadi Al-Hitan (Whale Valley)","Good","Low Threat","Low Threat","Data Deficient","Effective","Good","Stable",,,"1","2014"
"67727","elena","Completed","Translated","Aïr and Ténéré Natural Reserves","Critical","Very High Threat","Very High Threat","Data Deficient","Serious Concern","Critical","Deteriorating",,,"1","2014"
"61608","alok","Completed","Published","Rwenzori Mountains National Park","Good with some concerns","Low Threat","Low Threat","Data Deficient","Effective","Low Concern","Data Deficient","Data Deficient","Data Deficient","1","2014"
"20171","elena","Completed","Published","Cliff of Bandiagara (Land of the Dogons)","Significant Concern","High Threat","High Threat",,"Serious Concern","High Concern","Deteriorating","Data Deficient","Data Deficient","2","2014"
"4322","elena","Completed","Translated","Ichkeul National Park","Significant Concern","High Threat","High Threat","Data Deficient","Some Concern","High Concern","Improving","Data Deficient","Data Deficient","2","2014"
"26653","elena","Completed","Published","Tsingy de Bemaraha Strict Nature Reserve","Good","Low Threat","Low Threat","Data Deficient","Effective","Low Concern","Stable",,,"1","2014"
"555542339","elena","Completed","Published","Kenya Lake System in the Great Rift Valley","Good with some concerns","High Threat","High Threat","Data Deficient","Effective","Low Concern","Stable",,,"1","2014"
"4328","elena","Completed","Published","Kahuzi-Biéga National Park","Critical","Very High Threat","Very High Threat","High Threat","Some Concern","High Concern","Data Deficient",,,"1","2014"
"478640","elena","Completed","Published","Hierapolis-Pamukkale","Good with some concerns","High Threat","High Threat","Low Threat","Some Concern","Low Concern","Data Deficient",,,"1","2014"
"902347","elena","Completed","Published","Cape Floral Region Protected Areas","Good with some concerns","High Threat","High Threat","High Threat","Effective","Low Concern","Stable",,,"1","2014"
"168242","elena","Completed","Published","East Rennell","Critical","Very High Threat","Very High Threat","High Threat","Serious Concern","High Concern","Deteriorating","Data Deficient","Deteriorating","1","2014"
"12206","elena","Completed","Published","Garajonay National Park","Significant Concern","High Threat","High Threat","Very High Threat","Some Concern","High Concern","Improving","High Concern","Improving","1","2014"
"10904","elena","Completed","Published","Lake Malawi National Park","Significant Concern","High Threat","High Threat","Very High Threat","Some Concern","High Concern","Data Deficient",,,"1","2014"
"124389","elena","Completed","Published","Okapi Wildlife Reserve","Critical","Very High Threat","Very High Threat","Low Threat","Serious Concern","High Concern","Deteriorating",,,"1","2014"
"198298","elena","Completed","Published","Lorentz National Park","Significant Concern","High Threat","High Threat","High Threat","Serious Concern","Low Concern","Deteriorating",,,"1","2014"
"903129","elena","Completed","Published","Ecosystem and Relict Cultural Landscape of Lopé-Okanda","Good with some concerns","High Threat","High Threat","High Threat","Some Concern","Low Concern","Data Deficient",,,"2","2014"
"220292","elena","Completed","Published","Kinabalu Park","Good with some concerns","Low Threat","Low Threat","Low Threat","Effective","Low Concern","Stable",,,"1","2014"
"555512001","elena","Completed","Published","Papahanaumokuakea","Good","Low Threat","Low Threat","High Threat","Effective","Low Concern","Stable",,,"1","2014"
"903136","elena","Completed","Published","Mount Sanqingshan National Park","Good","Low Threat","Low Threat","Low Threat","Effective","Good","Data Deficient","Data Deficient","Data Deficient","1","2014"
"18862","elena","Completed","Published","Meteora","Good with some concerns","Low Threat","Low Threat","Low Threat","Some Concern","Low Concern","Stable","High Concern","Data Deficient","1","2014"
"902481","elena","Completed","Approved","Islands and Protected Areas of the Gulf of California","Good with some concerns","High Threat","High Threat","High Threat","Effective","Good","Data Deficient",,,"1","2014"
"555556046","elena","Completed","Published","El Pinacate and Gran Desierto de Altar Biosphere Reserve","Good with some concerns","Low Threat","Low Threat","High Threat","Effective","Low Concern","Stable",,,"1","2014"
"900630","elena","Completed","Published","Cerrado Protected Areas: Chapada dos Veadeiros and Emas National Parks","Significant Concern","High Threat","High Threat","Very High Threat","Serious Concern","Low Concern","Deteriorating",,,"1","2014"
"4326","elena","Completed","Published","Durmitor National Park","Significant Concern","High Threat","High Threat","Very High Threat","Serious Concern","High Concern","Deteriorating",,,"1","2014"
"478637","elena","Completed","Published","Göreme National Park and the Rock Sites of Cappadocia","Good with some concerns","High Threat","High Threat","Low Threat","Effective","Low Concern","Improving",,,"1","2014"
"903133","elena","Completed","Published","Joggins Fossil Cliffs","Good","Low Threat","Low Threat","Very Low Threat","Highly Effective","Good","Stable","Good","Stable","1","2014"
"10745","elena","Completed","Published","Manas Wildlife Sanctuary","Significant Concern","High Threat","High Threat","High Threat","Some Concern","High Concern","Data Deficient","Data Deficient","Data Deficient","1","2014"
"903130","elena","Completed","Published","Jeju Volcanic Island and Lava Tubes","Good","Low Threat","Low Threat","Very Low Threat","Effective","Good","Stable",,,"1","2014"
"145586","elena","Completed","Published","Lake Turkana National Parks","Critical","Very High Threat","Very High Threat","High Threat","Serious Concern","High Concern","Data Deficient",,,"1","2014"
"4327","elena","Completed","Published","Garamba National Park","Critical","Very High Threat","Very High Threat","Low Threat","Some Concern","High Concern","Data Deficient","Good","Stable","1","2014"
"145583","elena","Completed","Published","Morne Trois Pitons National Park","Good with some concerns","Low Threat","Low Threat","High Threat","Some Concern","Low Concern","Deteriorating","High Concern","Deteriorating","1","2014"
"2570","elena","Completed","Published","Los Glaciares National Park","Good with some concerns","Low Threat","Low Threat","Low Threat","Effective","Low Concern","Deteriorating","High Concern","Deteriorating","1","2014"
"902899","elena","Completed","Published","Malpelo Fauna and Flora Sanctuary","Good with some concerns","High Threat","Very High Threat","Low Threat","Some Concern","Low Concern","Stable","Low Concern","Data Deficient","1","2014"
"16792","elena","Completed","Published","Manovo-Gounda St Floris National Park","Critical","Very High Threat","Very High Threat","Data Deficient","Serious Concern","Critical","Deteriorating",,,"2","2014"
"20388","elena","Completed","Published","Banc d'Arguin National Park","Significant Concern","High Threat","High Threat","High Threat","Some Concern","Low Concern","Deteriorating",,,"1","2014"
"220298","elena","Completed","Published","Central Suriname Nature Reserve","Good with some concerns","Low Threat","Low Threat","Low Threat","Serious Concern","Good","Stable",,,"1","2014"
"555556045","elena","Completed","Published","Xinjiang Tianshan","Good with some concerns","Low Threat","Low Threat","Low Threat","Effective","Good","Stable",,,"1","2014"
"903062","elena","Completed","Published","Rainforests of the Atsinanana","Significant Concern","High Threat","High Threat","High Threat","Some Concern","Low Concern","Deteriorating","Low Concern","Deteriorating","1","2014"
"555542337","elena","Completed","Published","Wadi Rum Protected Area","Good with some concerns","Low Threat","Low Threat","Low Threat","Effective","Low Concern","Data Deficient","Low Concern","Data Deficient","1","2014"
"555512003","elena","Completed","Published","Putorana Plateau","Good","Very Low Threat","Very Low Threat","Low Threat","Effective","Good","Stable",,,"1","2014"
"555556049","elena","Completed","Published","Tajik National Park (Mountains of the Pamirs)","Good with some concerns","Low Threat","Low Threat","Low Threat","Some Concern","Good","Stable","Low Concern","Stable","1","2014"
"900879","elena","Completed","Published","Monte San Giorgio","Good","Very Low Threat","Very Low Threat","Very Low Threat","Highly Effective","Good","Stable","Data Deficient","Data Deficient","1","2014"
"18863","elena","Completed","Published","Mount Athos","Good with some concerns","Low Threat","Low Threat","High Threat","Some Concern","Low Concern","Stable","Data Deficient","Data Deficient","1","2014"
"902368","elena","Completed","Published","St Kilda","Good","Low Threat","Very Low Threat","Low Threat","Effective","Low Concern","Stable","Good","Stable","1","2014"
"555542336","elena","Completed","Published","Ogasawara Islands","Good with some concerns","High Threat","High Threat","Low Threat","Effective","Low Concern","Data Deficient",,,"1","2014"
"5003","elena","Completed","Published","Taï National Park","Good with some concerns","Low Threat","Low Threat",,"Some Concern","High Concern","Stable","High Concern","Data Deficient","2","2014"
"5005","elena","Completed","Published","Selous Game Reserve","Critical","Very High Threat","Very High Threat","High Threat","Serious Concern","Critical","Deteriorating",,,"1","2014"
"26649","elena","Completed","Published","Tongariro National Park","Good","Low Threat","Low Threat","Very Low Threat","Highly Effective","Good","Stable",,,"1","2014"
"9545","elena","Completed","Published","Comoé National Park","Critical","Very High Threat","Very High Threat","Data Deficient","Serious Concern","Critical","Improving",,,"1","2014"
"2574","elena","Completed","Published","Mount Nimba Strict Nature Reserve","Critical","Very High Threat","Very High Threat","Very High Threat","Serious Concern","Critical","Stable",,,"2","2014"
"903138","elena","Completed","Published","Socotra Archipelago","Significant Concern","High Threat","High Threat","Very High Threat","Some Concern","High Concern","Deteriorating",,,"1","2014"
"2006","elena","Completed","Published","Simien National Park","Significant Concern","High Threat","High Threat","High Threat","Serious Concern","High Concern","Data Deficient",,,"1","2014"
"10906","elena","Completed","Published","Salonga National Park","Critical","High Threat","High Threat","Low Threat","Serious Concern","High Concern","Data Deficient",,,"1","2014"
"9628","elena","Completed","Published","Vallée de Mai Nature Reserve","Good with some concerns","High Threat","High Threat","High Threat","Effective","Low Concern","Data Deficient",,,"1","2014"
"2017","elena","Completed","Published","Virunga National Park","Critical","Very High Threat","High Threat","Very High Threat","Some Concern","High Concern","Data Deficient","High Concern","Data Deficient","1","2014"
"900883","elena","Completed","Published","Phong Nha-Ke Bang National Park","Good with some concerns","Low Threat","Low Threat","Low Threat","Some Concern","Low Concern","Stable","High Concern","Data Deficient","1","2014"
"12203","elena","Completed","Published","Iguaçu National Park","Significant Concern","Very High Threat","Very High Threat","Very High Threat","Effective","High Concern","Stable",,,"1","2014"
"10907","elena","Completed","Published","Mana Pools National Park, Sapi and Chewore Safari Areas","Significant Concern","High Threat","Low Threat","High Threat","Some Concern","Low Concern","Stable",,,"1","2014"
"124388","elena","Completed","Published","Laponian Area","Good","Very Low Threat","Very Low Threat","Low Threat","Highly Effective","Good","Stable",,,"1","2014"
"2578","elena","Completed","Published","Djoudj National Bird Sanctuary","Significant Concern","High Threat","High Threat","Low Threat","Some Concern","High Concern","Stable",,,"2","2014"
"902367","elena","Completed","Published","Pitons Management Area","Significant Concern","Very High Threat","Very High Threat",,"Some Concern","High Concern","Data Deficient","Data Deficient","Data Deficient","1","2014"
"902480","elena","Completed","Published","Dong Phayayen-Khao Yai Forest Complex","Critical","Very High Threat","Very High Threat","Data Deficient","Serious Concern","Critical","Data Deficient","Data Deficient","Data Deficient","1","2014"
"555512002","elena","Completed","Published","Phoenix Islands Protected Area","Good","Low Threat","Low Threat","Low Threat","Effective","Good","Improving","Good","Improving","1","2014"
"2015","elena","Completed","Published","Natural and Cultural Heritage of the Ohrid region","Significant Concern","High Threat","High Threat","High Threat","Some Concern","High Concern","Deteriorating","High Concern","Data Deficient","1","2014"
"903132","elena","Completed","Published","Teide National Park","Good","Low Threat","Low Threat","Data Deficient","Effective","Good","Stable","Low Concern","Improving","1","2014"
"9613","elena","Completed","Published","Pirin National Park","Significant Concern","High Threat","High Threat","Very High Threat","Some Concern","High Concern","Deteriorating","Data Deficient","Data Deficient","1","2014"
"555512006","elena","Completed","Published","Pitons, cirques and remparts of Reunion Island","Good with some concerns","High Threat","High Threat","High Threat","Effective","Low Concern","Stable",,,"1","2014"
"903139","elena","Completed","Published","Surtsey","Good","Low Threat","Low Threat","Very Low Threat","Highly Effective","Good","Stable",,,"1","2014"
"478641","elena","Completed","Published","The Dolomites","Good with some concerns","Low Threat","Low Threat","Very Low Threat","Some Concern","Low Concern","Stable","Low Concern","Data Deficient","1","2014"
"902335","elena","Completed","Published","Tropical Rainforest Heritage of Sumatra","Critical","Very High Threat","Very High Threat","High Threat","Serious Concern","High Concern","Deteriorating","Data Deficient","Data Deficient","1","2014"
"555547992","elena","Completed","Published","Rock Islands Southern Lagoon","Good with some concerns","Low Threat","Low Threat","Low Threat","Effective","Low Concern","Stable",,,"1","2014"
"67729","elena","Completed","Published","Thungyai - Huai Kha Khaeng Wildlife Sanctuaries","Good with some concerns","High Threat","High Threat","High Threat","Some Concern","Low Concern","Stable","Low Concern","Stable","1","2014"
"145585","elena","Completed","Published","Mount Kenya National Park/Natural Forest","Good with some concerns","Low Threat","Low Threat","High Threat","Effective","Low Concern","Data Deficient","Data Deficient","Data Deficient","1","2014"
"12209","elena","Completed","Published","Škocjan Caves","Good","Low Threat","Low Threat","High Threat","Effective","Good","Data Deficient","Low Concern","Data Deficient","1","2014"
"4325","elena","Completed","Published","Redwood National and State Parks","Good with some concerns","High Threat","High Threat","Data Deficient","Effective","Good","Stable","Low Concern","Deteriorating","1","2014"
"555547988","elena","Completed","Published","Sangha Trinational","Significant Concern","High Threat","High Threat","High Threat","Some Concern","Low Concern","Data Deficient",,,"1","2014"
"10901","elena","Completed","Published","Iguazú National Park","Significant Concern","Very High Threat","Very High Threat","Low Threat","Effective","High Concern","Stable",,,"1","2014"
"555547991","elena","Completed","Published","Lena Pillars Nature Park","Good","Very Low Threat","Very Low Threat","Low Threat","Effective","Good","Stable","Good","Stable","1","2014"
"220291","elena","Completed","Published","Ischigualasto-Talampaya Natural Parks","Good","Low Threat","Low Threat",,"Effective","Good","Data Deficient","High Concern","Improving","1","2014"
"9632","elena","Completed","Published","Great Smoky Mountains National Park","Good with some concerns","High Threat","High Threat","High Threat","Effective","Low Concern","Stable",,,"1","2014"
"555556048","elena","Completed","Published","Namib Sand Sea","Good","Low Threat","Low Threat","Low Threat","Effective","Good","Stable",,,"1","2014"
"902373","elena","Completed","Published","Ilulissat Icefjord","Good with some concerns","Low Threat","Low Threat","High Threat","Effective","Low Concern","Stable","Low Concern","Data Deficient","1","2014"
"12202","elena","Completed","Published","Gondwana Rainforests of Australia","Good with some concerns","High Threat","High Threat","High Threat","Effective","Low Concern","Data Deficient",,,"1","2014"
"555547989","elena","Completed","Published","Chengjiang Fossil Site","Good","Low Threat","Low Threat","Low Threat","Effective","Good","Stable",,,"1","2014"
"10903","elena","Completed","Published","Talamanca Range-La Amistad Reserves / La Amistad National Park","Significant Concern","High Threat","High Threat","High Threat","Some Concern","High Concern","Deteriorating","High Concern","Data Deficient","1","2014"
"26651","elena","Completed","Published","Rio Abiseo National Park","Significant Concern","High Threat","High Threat","High Threat","Serious Concern","Low Concern","Deteriorating","Low Concern","Deteriorating","3","2014"
"555512005","elena","Completed","Published","China Danxia","Good","Low Threat","Low Threat","Data Deficient","Effective","Low Concern","Stable","Low Concern","Stable","1","2014"
"902356","elena","Completed","Published","Natural System of Wrangel Island Reserve","Significant Concern","High Threat","High Threat","High Threat","Some Concern","Low Concern","Data Deficient",,,"1","2014"
"10908","elena","Completed","Published","Yosemite National Park","Good with some concerns","Low Threat","Low Threat","Low Threat","Effective","Low Concern","Stable","Low Concern","Data Deficient","1","2014"
"93292","elena","Completed","Published","Caves of Aggtelek Karst and Slovak Karst","Good","Low Threat","Very Low Threat","Low Threat","Effective","Good","Stable","Data Deficient","Data Deficient","1","2014"
"198303","elena","Completed","Published","Ibiza: Biodiversity and Culture","Significant Concern","High Threat","High Threat","High Threat","Some Concern","High Concern","Deteriorating",,,"1","2014"
"555512000","elena","Completed","Published","Central Highlands of Sri Lanka","Good with some concerns","Low Threat","Low Threat","Low Threat","Effective","Low Concern","Stable",,,"1","2014"
"26689","elena","Completed","Published","Canadian Rocky Mountain Parks","Good with some concerns","Low Threat","Low Threat","Data Deficient","Effective","Good","Stable","Low Concern","Stable","1","2014"
"17758","elena","Completed","Published","Dja Faunal Reserve","Critical","Very High Threat","High Threat","Very High Threat","Some Concern","High Concern","Deteriorating",,,"1","2014"
"900878","elena","Completed","Published","Purnululu National Park","Good","Low Threat","Low Threat","Low Threat","Effective","Good","Stable","Good","Stable","1","2014"
"902482","elena","Completed","Published","Shiretoko","Good with some concerns","High Threat","High Threat","Data Deficient","Some Concern","Low Concern","Stable",,,"1","2014"
"68917","elena","Completed","Published","Tubbataha Reefs Natural Park","Good with some concerns","Low Threat","Low Threat","High Threat","Highly Effective","Good","Stable",,,"1","2014"
"900631","elena","Completed","Published","Brazilian Atlantic Islands: Fernando de Noronha and Atol das Rocas Reserves","Good with some concerns","High Threat","Low Threat","High Threat","Some Concern","Low Concern","Data Deficient","Low Concern","Stable","1","2014"
"93767","elena","Completed","Published","Gough and Inaccessible Islands","Significant Concern","Very High Threat","Very High Threat","Data Deficient","Some Concern","High Concern","Deteriorating",,,"1","2014"
"20399","elena","Completed","Published","Mosi-oa-Tunya / Victoria Falls","Good with some concerns","High Threat","Low Threat","High Threat","Some Concern","Low Concern","Stable",,,"1","2014"
"903141","elena","Completed","Published","Ancient and Primeval Beech Forests of the Carpathians and Other Regions of Europe","Good with some concerns","Low Threat","Low Threat","High Threat","Some Concern","Low Concern","Stable","Low Concern","Stable","1","2014"
"903135","elena","Completed","Published","Monarch Butterfly Biosphere Reserve","Critical","Very High Threat","Very High Threat","Very High Threat","Some Concern","Critical","Deteriorating","Critical","Deteriorating","1","2014"
"903134","elena","Completed","Published","Lagoons of New Caledonia: Reef Diversity and Associated Ecosystems","Good with some concerns","Low Threat","High Threat","Low Threat","Effective","Good","Stable",,,"2","2014"
"2011","elena","Completed","Published","Grand Canyon National Park","Good with some concerns","High Threat","Low Threat","High Threat","Effective","Low Concern","Stable",,,"1","2014"
"10905","elena","Completed","Published","Chitwan National Park","Significant Concern","High Threat","High Threat","Very High Threat","Effective","High Concern","Stable",,,"1","2014"
"220293","elena","Completed","Published","Gunung Mulu National Park","Good","Low Threat","Low Threat","Low Threat","Highly Effective","Good","Stable",,,"1","2014"
"903140","elena","Completed","Published","Swiss Tectonic Arena Sardona","Good","Very Low Threat","Very Low Threat","Very Low Threat","Highly Effective","Good","Stable","Data Deficient","Data Deficient","1","2014"
"198292","elena","Completed","Published","Discovery Coast Atlantic Forest Reserves","Significant Concern","Very High Threat","Very High Threat","Very High Threat","Some Concern","High Concern","Deteriorating","High Concern","Deteriorating","1","2014"
"4999","elena","Completed","Published","Tassili n'Ajjer National Park","Good with some concerns","High Threat","High Threat",,"Some Concern","Low Concern","Stable","High Concern","Deteriorating","1","2014"
"2575","elena","Completed","Published","Serengeti National Park","Good with some concerns","Low Threat","Low Threat","High Threat","Effective","Low Concern","Stable",,,"1","2014"
"555577555","elena","Completed","Published","Okavango Delta","Good with some concerns","Low Threat","Low Threat","High Threat","Some Concern","Good","Stable",,,"1","2014"
"17050","elena","Completed","Published","Mount Taishan","Good with some concerns","Low Threat","Low Threat","High Threat","Effective","Low Concern","Improving","Data Deficient","Data Deficient","1","2014"
"220295","elena","Completed","Published","Noel Kempff Mercado National Park","Good with some concerns","Low Threat","Low Threat","Low Threat","Effective","Good","Stable",,,"3","2014"
"900889","remco","Completed","Published","Ha Long Bay","Good with some concerns","Low Threat","Low Threat","High Threat","Some Concern","Good","Data Deficient","Data Deficient","Data Deficient","1","2014"
"68915","elena","Completed","Published","Shirakami-Sanchi","Good","Very Low Threat","Low Threat","Very Low Threat","Effective","Low Concern","Stable","Low Concern","Data Deficient","1","2014"
"198300","elena","Completed","Published","Laurisilva of Madeira","Good with some concerns","Low Threat","High Threat","Low Threat","Some Concern","Low Concern","Stable","High Concern","Data Deficient","1","2014"
"197","elena","Completed","Published","Tikal National Park","Good with some concerns","Low Threat","Low Threat","Low Threat","Some Concern","Low Concern","Deteriorating","Low Concern","Deteriorating","1","2014"
"168239","elena","Completed","Published","New Zealand Sub-Antarctic Islands","Good","Low Threat","Low Threat","Low Threat","Highly Effective","Low Concern","Improving",,,"1","2014"
"17760","elena","Completed","Published","Manú National Park","Significant Concern","High Threat","Low Threat","High Threat","Some Concern","Low Concern","Deteriorating",,,"1","2014"
"20062","elena","Completed","Published","Sian Ka'an","Good with some concerns","High Threat","High Threat","High Threat","Some Concern","Low Concern","Deteriorating",,,"1","2014"
"10747","elena","Completed","Published","Huascarán National Park","Significant Concern","High Threat","High Threat","High Threat","Serious Concern","High Concern","Deteriorating","High Concern","Deteriorating","3","2014"
"900010","elena","Completed","Published","Uluru-Kata Tjuta National Park","Good","Very Low Threat","Very Low Threat","Data Deficient","Highly Effective","Good","Stable","Low Concern","Stable","1","2014"
"5002","elena","Completed","Published","Río Plátano Biosphere Reserve","Critical","Very High Threat","Very High Threat","Data Deficient","Serious Concern","Critical","Improving",,,"1","2014"
"61610","elena","Completed","Published","Los Katios National Park","Significant Concern","High Threat","High Threat","High Threat","Serious Concern","High Concern","Stable",,,"1","2014"
"555577560","elena","Completed","Published","Ancient Maya City and Protected Tropical Forests of Calakmul, Campeche","Significant Concern","High Threat","High Threat","High Threat","Some Concern","High Concern","Deteriorating","High Concern","Deteriorating","1","2014"
"61612","elena","Completed","Published","Canaima National Park","Significant Concern","High Threat","High Threat","Very High Threat","Serious Concern","High Concern","Deteriorating","High Concern","Deteriorating","3","2014"
"93290","elena","Completed","Published","Messel Pit Fossil Site","Good","Very Low Threat","Low Threat","Very Low Threat","Highly Effective","Good","Improving",,,"1","2014"
"198302","remco","Completed","Published","iSimangaliso Wetland Park","Good with some concerns","High Threat","High Threat","Low Threat","Effective","Low Concern","Improving",,,"1","2014"
"220296","elena","Completed","Published","Central Amazon Conservation Complex","Good with some concerns","Low Threat","Low Threat","Low Threat","Effective","Low Concern","Stable","Low Concern","Stable","1","2014"
"198301","elena","Completed","Published","Western Caucasus","Significant Concern","Very High Threat","High Threat","Very High Threat","Serious Concern","Low Concern","Deteriorating",,,"1","2014"
"145579","elena","Completed","Published","Macquarie Island","Good with some concerns","High Threat","High Threat","High Threat","Highly Effective","Low Concern","Data Deficient","High Concern","Data Deficient","1","2014"
"555542338","elena","Completed","Published","Ningaloo Coast","Good","Low Threat","Low Threat","Data Deficient","Highly Effective","Good","Data Deficient","Good","Data Deficient","1","2014"
"220297","elena","Completed","Published","Pantanal Conservation Complex","Significant Concern","Very High Threat","Very High Threat","Very High Threat","Some Concern","High Concern","Deteriorating",,,"1","2014"
"198293","elena","Completed","Published","Atlantic Forest Southeast Reserves","Significant Concern","Very High Threat","Very High Threat","High Threat","Some Concern","High Concern","Deteriorating",,,"1","2014"
"124385","remco","Completed","Published","W National Park of Niger","Significant Concern","High Threat","High Threat","Low Threat","Some Concern","High Concern","Deteriorating","High Concern","Deteriorating","2","2014"
"900881","remco","Completed","Published","Three Parallel Rivers of Yunnan Protected Areas","Significant Concern","Very High Threat","High Threat","Very High Threat","Some Concern","High Concern","Deteriorating",,,"1","2014"
"9617","elena","Completed","Published","Gulf of Porto: Calanche of Piana, Gulf of Girolata, Scandola Reserve","Good with some concerns","Low Threat","Low Threat","Data Deficient","Some Concern","Low Concern","Stable",,,"2","2014"
"902489","elena","Completed","Published","West Norwegian Fjords – Geirangerfjord and Nærøyfjord","Good","Very Low Threat","Very Low Threat","Very Low Threat","Effective","Good","Stable","Low Concern","Data Deficient","1","2014"
"5000","elena","Completed","Published","Tasmanian Wilderness","Good with some concerns","High Threat","High Threat","High Threat","Effective","Low Concern","Stable",,,"1","2014"
"61609","elena","Completed","Published","Bwindi Impenetrable National Park","Good with some concerns","Low Threat","Low Threat","Low Threat","Effective","Good","Stable",,,"1","2014"
"145590","elena","Completed","Published","Pyrénées - Mont Perdu","Good with some concerns","Low Threat","Low Threat","Low Threat","Effective","Good","Stable","Low Concern","Stable","1","2014"
"555577556","elena","Completed","Published","Stevns Klint","Good","Very Low Threat","Low Threat","Very Low Threat","Highly Effective","Good","Stable","Data Deficient","Data Deficient","1","2014"
"902902","elena","Completed","Published","Sichuan Giant Panda Sanctuaries – Wolong, Mount Siguniang & Jiajin Mountains","Good with some concerns","High Threat","High Threat","High Threat","Some Concern","Low Concern","Data Deficient",,,"1","2014"
"93294","elena","Completed","Published","Virgin Komi Forests","Significant Concern","Very High Threat","High Threat","Very High Threat","Serious Concern","Low Concern","Deteriorating","Data Deficient","Data Deficient","1","2014"
"26654","elena","Completed","Published","Mount Huangshan","Good","Low Threat","Low Threat","Very Low Threat","Highly Effective","Low Concern","Data Deficient",,,"1","2014"
"67731","elena","Completed","Published","Wulingyuan Scenic and Historic Interest Area","Significant Concern","Low Threat","Low Threat","Data Deficient","Some Concern","High Concern","Data Deficient",,,"1","2014"
"900880","elena","Completed","Published","Uvs Nuur Basin","Good with some concerns","Low Threat","Low Threat","Low Threat","Effective","Low Concern","Data Deficient",,,"1","2014"
"67725","elena","Completed","Published","Komodo National Park","Significant Concern","High Threat","High Threat","High Threat","Some Concern","Low Concern","Stable",,,"1","2014"
"145580","elena","Completed","Published","The Sundarbans","Significant Concern","High Threat","High Threat","Very High Threat","Some Concern","High Concern","Deteriorating",,,"1","2014"
"14177","elena","Completed","Published","Sundarbans National Park","Significant Concern","High Threat","High Threat","Very High Threat","Effective","Low Concern","Deteriorating",,,"1","2014"
"902483","remco","Completed","Published","Vredefort Dome","Significant Concern","High Threat","High Threat","High Threat","Serious Concern","Low Concern","Stable","Low Concern","Stable","1","2014"
"93291","elena","Completed","Published","Carlsbad Caverns National Park","Good with some concerns","Low Threat","Very Low Threat","High Threat","Effective","Good","Stable","High Concern","Data Deficient","1","2014"
"555577557","elena","Completed","Published","Great Himalayan National Park Conservation Area","Good with some concerns","Low Threat","Low Threat","Low Threat","Effective","Low Concern","Data Deficient",,,"1","2014"
"2579","elena","Completed","Published","Olympic National Park","Good with some concerns","Low Threat","High Threat","Low Threat","Highly Effective","Low Concern","Deteriorating","Low Concern","Data Deficient","1","2014"
"9612","elena","Completed","Published","Srebarna Nature Reserve","Good with some concerns","Low Threat","Low Threat","High Threat","Effective","Low Concern","Data Deficient","Low Concern","Data Deficient","1","2014"
"16793","elena","Completed","Published","Nanda Devi and Valley of Flowers National Parks","Good with some concerns","High Threat","Low Threat","High Threat","Effective","Good","Stable",,,"1","2014"
"168241","elena","Completed","Published","Golden Mountains of Altai","Significant Concern","High Threat","Low Threat","High Threat","Some Concern","Low Concern","Stable","Low Concern","Stable","1","2014"
"902479","elena","Completed","Published","Coiba National Park and its Special Zone of Marine Protection","Significant Concern","High Threat","High Threat","High Threat","Serious Concern","High Concern","Deteriorating","High Concern","Deteriorating","1","2014"
"900008","elena","Completed","Published","Isole Eolie (Aeolian Islands)","Good with some concerns","Very Low Threat","Very Low Threat","Data Deficient","Serious Concern","Good","Stable","High Concern","Deteriorating","1","2014"
"10744","elena","Completed","Published","Kaziranga National Park","Significant Concern","High Threat","High Threat","Low Threat","Effective","High Concern","Stable",,,"1","2014"
"903137","elena","Completed","Published","Saryarka – Steppe and Lakes of Northern Kazakhstan","Good with some concerns","Low Threat","Low Threat","Low Threat","Effective","Low Concern","Stable",,,"1","2014"
"198299","elena","Completed","Published","Puerto-Princesa Subterranean River National Park","Good with some concerns","High Threat","High Threat","High Threat","Some Concern","Low Concern","Deteriorating",,,"1","2014"
"198297","elena","Completed","Published","Desembarco del Granma National Park","Good with some concerns","Low Threat","Low Threat","Low Threat","Effective","Low Concern","Stable","Data Deficient","Data Deficient","1","2014"
"67726","remco","Completed","Published","Ujung Kulon National Park","Significant Concern","High Threat","High Threat","High Threat","Effective","High Concern","Stable",,,"1","2014"
"67730","elena","Completed","Published","Fraser Island","Good with some concerns","High Threat","High Threat","High Threat","Effective","Low Concern","Stable","Low Concern","Stable","1","2014"
"555577558","elena","Completed","Published","Mount Hamiguitan Range Wildlife Sanctuary","Good","Very Low Threat","Very Low Threat","Low Threat","Effective","Good","Data Deficient","Good","Data Deficient","1","2014"
"2005","elena","Completed","Published","Nahanni National Park","Good with some concerns","Low Threat","Low Threat","High Threat","Effective","Good","Stable",,,"1","2014"
"2008","elena","Completed","Published","Bialowieza Forest","Good with some concerns","Low Threat","Low Threat","Data Deficient","Effective","Low Concern","Stable",,,"1","2014"
"191","elena","Completed","Published","Galápagos Islands","Significant Concern","Very High Threat","Very High Threat","Very High Threat","Effective","High Concern","Deteriorating","High Concern","Deteriorating","1","2014"
"555547987","elena","Completed","Published","Lakes of Ounianga","Good with some concerns","Low Threat","Low Threat","Low Threat","Some Concern","Good","Stable",,,"1","2014"
"2016","elena","Completed","Published","Plitvice Lakes National Park","Good with some concerns","High Threat","High Threat","Low Threat","Effective","Low Concern","Stable",,,"1","2014"
"145582","elena","Completed","Published","Cocos Island National Park","Significant Concern","High Threat","High Threat","High Threat","Some Concern","High Concern","Data Deficient","High Concern","Data Deficient","1","2014"
"124383","elena","Completed","Published","Belize Barrier Reef Reserve System","Significant Concern","Very High Threat","Very High Threat","Very High Threat","Some Concern","High Concern","Deteriorating",,,"1","2014"
"900628","elena","Completed","Published","Alejandro de Humboldt National Park","Good with some concerns","High Threat","Low Threat","High Threat","Effective","Low Concern","Improving","Low Concern","Data Deficient","1","2014"
"9614","elena","Completed","Published","Sangay National Park","Significant Concern","High Threat","High Threat","High Threat","Some Concern","Low Concern","Deteriorating",,,"1","2014"
"2012","elena","Completed","Published","Everglades National Park","Critical","Very High Threat","Very High Threat","High Threat","Some Concern","Critical","Deteriorating",,,"1","2014"
"9623","elena","Completed","Published","Historic Sanctuary of Machu Picchu","Significant Concern","Very High Threat","Very High Threat","Very High Threat","Some Concern","High Concern","Deteriorating","High Concern","Deteriorating","1","2014"
"2554","elena","Completed","Published","Darién National Park","Significant Concern","High Threat","High Threat","High Threat","Some Concern","High Concern","Deteriorating","High Concern","Deteriorating","1","2014"
"555577559","elena","Completed","Published","Trang An Landscape Complex","Significant Concern","High Threat","Low Threat","High Threat","Some Concern","High Concern","Data Deficient","Low Concern","Data Deficient","1","2014"
"18337","elena","Completed","Published","Hawaii Volcanoes National Park","Good","Very Low Threat","Very Low Threat","Very Low Threat","Effective","Good","Data Deficient","High Concern","Data Deficient","1","2014"
"124384","elena","Completed","Published","Mount Emei Scenic Area, including Leshan Giant Buddha Scenic Area","Good","Very Low Threat","Very Low Threat",,"Effective","Low Concern","Data Deficient",,,"1","2014"
"555547990","elena","Completed","Published","Western Ghats","Significant Concern","High Threat","High Threat","Low Threat","Some Concern","Good","Data Deficient",,,"1","2014"
"67732","elena","Completed","Published","Jiuzhaigou Valley Scenic and Historic Interest Area","Good with some concerns","Low Threat","Low Threat","Low Threat","Effective","Low Concern","Improving","Data Deficient","Stable","1","2014"
"68916","elena","Completed","Published","Yakushima","Good with some concerns","Low Threat","Low Threat","Low Threat","Some Concern","Low Concern","Stable",,,"1","2014"
"16791","elena","Completed","Published","Sinharaja Forest Reserve","Significant Concern","High Threat","High Threat","Data Deficient","Some Concern","Low Concern","Stable",,,"1","2014"
"2007","elena","Completed","Published","Sagarmatha National Park","Significant Concern","High Threat","High Threat","Data Deficient","Some Concern","Low Concern","Deteriorating","Data Deficient","Data Deficient","1","2014"
"900632","elena","Completed","Published","Dorset and East Devon Coast","Good","Low Threat","Very Low Threat","Low Threat","Highly Effective","Good","Stable","Low Concern","Stable","1","2014"
"68918","elena","Completed","Published","Whale Sanctuary of El Vizcaíno","Good with some concerns","High Threat","High Threat","High Threat","Effective","Low Concern","Stable","Low Concern","Stable","1","2014"
"478638","elena","Completed","Published","The Wadden Sea","Good","High Threat","High Threat","Low Threat","Highly Effective","Good","Data Deficient","Good","Data Deficient","1","2014"
"124386","elena","Completed","Published","Lake Baikal","Good with some concerns","High Threat","High Threat","High Threat","Some Concern","Low Concern","Deteriorating","High Concern","Deteriorating","1","2014"
"17757","elena","Completed","Published","Wet Tropics of Queensland","Significant Concern","High Threat","Very High Threat","Low Threat","Effective","High Concern","Deteriorating",,,"1","2014"
"900633","elena","Completed","Published","Swiss Alps Jungfrau-Aletsch","Good","Very Low Threat","Very Low Threat","Very Low Threat","Highly Effective","Good","Stable","Data Deficient","Data Deficient","1","2014"
"2571","elena","Completed","Published","Great Barrier Reef","Significant Concern","Very High Threat","High Threat","Very High Threat","Effective","High Concern","Deteriorating",,,"1","2014"
"2572","elena","Completed","Published","Kakadu National Park","Significant Concern","High Threat","High Threat","High Threat","Highly Effective","High Concern","Stable",,,"1","2014"
"124387","elena","Completed","Published","Volcanoes of Kamchatka","Significant Concern","High Threat","High Threat","Data Deficient","Serious Concern","High Concern","Stable",,,"1","2014"
"145576","elena","Completed","Published","Heard and McDonald Islands","Good","Low Threat","Low Threat","Data Deficient","Effective","Good","Stable","Data Deficient","Stable","1","2014"
"2004","elena","Completed","Published","Dinosaur Provincial Park","Good","Low Threat","Low Threat","Low Threat","Highly Effective","Low Concern","Stable","Low Concern","Stable","1","2014"
"10746","elena","Completed","Published","Keoladeo National Park","Good with some concerns","Low Threat","Low Threat","Low Threat","Effective","High Concern","Data Deficient","High Concern","Data Deficient","1","2014"
"2013","elena","Completed","Published","Yellowstone National Park","Good with some concerns","Low Threat","Low Threat","High Threat","Effective","Low Concern","Stable","High Concern","Data Deficient","1","2014"
"198294","elena","Completed","Published","Miguasha National Park","Good","Very Low Threat","Very Low Threat","Very Low Threat","Effective","Good","Stable",,,"1","2014"
"903131","elena","Completed","Published","South China Karst","Good with some concerns","Low Threat","Low Threat","Low Threat","Effective","Good","Stable","Low Concern","Data Deficient","1","2014"
"220294","elena","Completed","Published","Greater Blue Mountains Area","Good with some concerns","High Threat","High Threat","High Threat","Effective","Low Concern","Stable",,,"1","2014"
"12896","elena","Completed","Published","Henderson Island","Significant Concern","High Threat","High Threat","High Threat","Effective","High Concern","Deteriorating","Good","Stable","1","2014"
"10902","elena","Completed","Published","Wood Buffalo National Park","Good with some concerns","Low Threat","High Threat","Low Threat","Effective","Low Concern","Stable","High Concern","Deteriorating","1","2014"
"2577","elena","Completed","Published","Mammoth Cave National Park","Good with some concerns","High Threat","High Threat","Low Threat","Effective","Low Concern","Stable","Low Concern","Stable","1","2014"
"67724","elena","Completed","Published","Shark Bay, Western Australia","Good","Low Threat","Low Threat","Low Threat","Effective","Good","Stable",,,"1","2014"
"2573","elena","Completed","Published","Willandra Lakes Region","Good","Low Threat","Low Threat","High Threat","Effective","Good","Stable","Low Concern","Stable","1","2014"
"478642","elena","Completed","Published","High Coast / Kvarken Archipelago","Good","Low Threat","Low Threat","Low Threat","Effective","Good","Stable","Low Concern","Data Deficient","1","2014"
"67733","elena","Completed","Published","Huanglong Scenic and Historic Interest Area","Good with some concerns","Low Threat","Low Threat","Low Threat","Effective","Low Concern","Stable","Low Concern","Stable","1","2014"
"198295","elena","Completed","Published","Mount Wuyi","Good with some concerns","High Threat","High Threat","Low Threat","Effective","Low Concern","Stable",,,"1","2014"
"61604","elena","Completed","Published","Australian Fossil Mammal Sites (Riversleigh / Naracoorte)","Good","Very Low Threat","Very Low Threat",,"Effective","Good","Stable","Good","Data Deficient","1","2014"
"26652","elena","Completed","Published","Te Wahipounamu – South West New Zealand","Good with some concerns","Low Threat","Low Threat","High Threat","Effective","Low Concern","Stable",,,"1","2014"
"900006","elena","Completed","Published","Maloti-Drakensberg Park","Good with some concerns","Low Threat","Low Threat","High Threat","Effective","Low Concern","Stable","Data Deficient","Data Deficient","1","2014"
"5004","elena","In Progress","Translated","Aldabra Atoll","Good with some concerns","High Threat","High Threat","High Threat","Highly Effective","Low Concern","Stable",,,"2","2014"
"61611","elena","Completed","Published","Doñana National Park","Significant Concern","Very High Threat","Very High Threat","High Threat","Some Concern","High Concern","Deteriorating","Data Deficient","Data Deficient","1","2014"
"10902","tilman","Completed","Assessment","Wood Buffalo National Park","Significant Concern","High Threat","High Threat","High Threat","Serious Concern","High Concern","Deteriorating","High Concern","Deteriorating","1","2017"
"198291","elena","Completed","Published","Península Valdés","Good with some concerns","Low Threat","Low Threat","Low Threat","Some Concern","Low Concern","Stable","High Concern","Stable","1","2014"
"93295","elena","Completed","Published","Waterton-Glacier International Peace Park","Good with some concerns","Low Threat","Low Threat","Low Threat","Effective","Low Concern","Stable",,,"1","2014"
"67728","elena","Completed","Published","Danube Delta","Good with some concerns","High Threat","High Threat","High Threat","Effective","Low Concern","Stable",,,"1","2014"
"12207","elena","Completed","Published","Giant's Causeway and Causeway Coast","Significant Concern","High Threat","High Threat","Low Threat","Effective","Low Concern","Deteriorating","Good","Data Deficient","1","2014"
"900629","elena","Completed","Published","Central Sikhote-Alin","Significant Concern","High Threat","Very High Threat","Low Threat","Some Concern","High Concern","Deteriorating",,,"1","2014"
"555556047","elena","Completed","Published","Mount Etna","Good","Very Low Threat","Very Low Threat",,"Effective","Good","Stable","Low Concern","Stable","1","2014"
"5001","elena","Completed","Published","Lord Howe Island Group","Good","High Threat","High Threat","Low Threat","Highly Effective","Low Concern","Data Deficient",,,"1","2014"
"2018","elena","Completed","Published","Kluane / Wrangell-St Elias / Glacier Bay / Tatshenshini-Alsek","Good with some concerns","Low Threat","Low Threat","High Threat","Effective","Low Concern","Deteriorating",,,"1","2014"
"198296","elena","Completed","Published","Area de Conservación Guanacaste","Significant Concern","High Threat","High Threat","High Threat","Effective","High Concern","Deteriorating",,,"1","2014"
"17759","elena","Completed","Published","Gros Morne National Park","Good with some concerns","Low Threat","Low Threat","High Threat","Effective","Low Concern","Stable","High Concern","Data Deficient","1","2014"
"555555555","tilman","Completed","Assessment","Blue and John Crow Mountains","Significant Concern","High Threat","High Threat","High Threat","Some Concern","High Concern","Deteriorating","High Concern","Deteriorating","1","2014"
"61609","elena","Completed","Assessment","Bwindi Impenetrable National Park","Good with some concerns","Low Threat","Low Threat","Low Threat","Effective","Good","Stable","Data Deficient","Stable","1","2017"
"555556048","elena","Completed","Assessment","Namib Sand Sea","Good","Low Threat","Low Threat","Low Threat","Effective","Good","Stable",,,"1","2017"
"555577555","alan","Completed","Assessment","Okavango Delta","Good with some concerns","Low Threat","Low Threat","High Threat","Some Concern","Good","Stable",,,"1","2017"
"903138","tarek","Completed","Assessment","Socotra Archipelago","Significant Concern","High Threat","High Threat","High Threat","Serious Concern","High Concern","Deteriorating","High Concern","Deteriorating","1","2017"
"902487","tarek","Completed","Assessment","Wadi Al-Hitan (Whale Valley)","Good with some concerns","Low Threat","Low Threat","Data Deficient","Effective","Good","Stable",,,"1","2017"
"4999","tarek","Completed","Assessment","Tassili n'Ajjer National Park","Good with some concerns","Data Deficient","Data Deficient",,"Some Concern","Good","Stable","High Concern","Deteriorating","1","2017"
"555542337","tarek","Completed","Assessment","Wadi Rum Protected Area","Good with some concerns","Low Threat","Low Threat","Low Threat","Some Concern","Good","Stable","Low Concern","Stable","1","2017"
"93767","alexbond","Completed","Assessment","Gough and Inaccessible Islands","Significant Concern","Very High Threat","Very High Threat","Data Deficient","Some Concern","High Concern","Deteriorating",,,"1","2017"
"555622043","tilman","Completed","Assessment","Khangchendzonga National Park","Good with some concerns","Low Threat","Low Threat","High Threat","Some Concern","Low Concern","Stable","Low Concern","Stable","1","2017"
"902479","wendy","Completed","Assessment","Coiba National Park and its Special Zone of Marine Protection","Significant Concern","Very High Threat","Very High Threat","High Threat","Serious Concern","High Concern","Deteriorating","High Concern","Deteriorating","1","2017"
"555512006","vincentboullet","In Progress","Assessment","Pitons, cirques and remparts of Reunion Island",,,,,,,,,,"2","2017"
"145580","naomi","Completed","Assessment","The Sundarbans","Significant Concern","High Threat","High Threat","Very High Threat","Some Concern","High Concern","Deteriorating",,,"1","2017"
"903134","catherinegabrie","Completed","Assessment","Lagoons of New Caledonia: Reef Diversity and Associated Ecosystems","Good with some concerns","Low Threat","High Threat","Low Threat","Effective","Good","Stable",,,"2","2017"
"10907","vernonbooth","Completed","Assessment","Mana Pools National Park, Sapi and Chewore Safari Areas","Significant Concern","High Threat","Low Threat","High Threat","Some Concern","Low Concern","Stable",,,"1","2017"
"20399","vernonbooth","Completed","Assessment","Mosi-oa-Tunya / Victoria Falls","Good with some concerns","High Threat","Low Threat","High Threat","Some Concern","Low Concern","Stable",,,"1","2017"
"198303","mallarach","In Progress","Assessment","Ibiza: Biodiversity and Culture",,,,,,,,,,"3","2017"
"67728","tobias","In Progress","Assessment","Danube Delta","Good with some concerns","High Threat","High Threat","High Threat","Effective","Low Concern","Stable",,,"1","2017"
"4326","tobias","In Progress","Assessment","Durmitor National Park","Significant Concern","High Threat","High Threat","Very High Threat","Serious Concern","High Concern","Deteriorating",,,"1","2017"
"9613","tobias","In Progress","Assessment","Pirin National Park","Significant Concern","High Threat","High Threat","Very High Threat","Some Concern","High Concern","Deteriorating","Data Deficient","Data Deficient","1","2017"
"9612","tobias","In Progress","Assessment","Srebarna Nature Reserve","Good with some concerns","Low Threat","Low Threat","High Threat","Effective","Low Concern","Data Deficient","Low Concern","Data Deficient","1","2017"
"900880","tobias","In Progress","Assessment","Uvs Nuur Basin","Good with some concerns","Low Threat","Low Threat","Low Threat","Effective","Low Concern","Data Deficient",,,"1","2017"
"900633","wendy","Completed","Assessment","Swiss Alps Jungfrau-Aletsch","Good","Low Threat","High Threat","Low Threat","Effective","Good","Stable","Low Concern","Stable","1","2017"
"14177","naomi","Completed","Assessment","Sundarbans National Park","Significant Concern","High Threat","High Threat","Very High Threat","Effective","Low Concern","Deteriorating",,,"1","2017"
"555622040","elenaperez","In Progress","Assessment","Western Tien-Shan",,,,,,,,,,"1","2017"
"555622041","wendy","Completed","Assessment","Archipiélago de Revillagigedo","Good with some concerns","High Threat","High Threat","High Threat","Effective","Good","Stable","Good","Stable","1","2017"
"903132","wendy","In Progress","Assessment","Teide National Park","Good","Low Threat","Low Threat","Data Deficient","Effective","Good","Stable","Low Concern","Improving","1","2017"
"900630","thierry","Completed","Assessment","Cerrado Protected Areas: Chapada dos Veadeiros and Emas National Parks","Significant Concern","High Threat","High Threat","Very High Threat","Some Concern","Low Concern","Deteriorating",,,"1","2017"
"191","wendy","In Progress","Assessment","Galápagos Islands","Significant Concern","Very High Threat","Very High Threat","Very High Threat","Effective","High Concern","Deteriorating","High Concern","Deteriorating","1","2017"
"903135","wendy","In Progress","Assessment","Monarch Butterfly Biosphere Reserve","Critical","Very High Threat","Very High Threat","Very High Threat","Some Concern","Critical","Deteriorating","Critical","Deteriorating","1","2017"
"4322","wendy","In Progress","Assessment","Ichkeul National Park","Significant Concern","High Threat","High Threat","Data Deficient","Some Concern","High Concern","Improving","Data Deficient","Data Deficient","1","2017"
"12206","wendy","In Progress","Assessment","Garajonay National Park","Significant Concern","High Threat","High Threat","Very High Threat","Some Concern","High Concern","Improving","High Concern","Improving","1","2017"
"20062","thierry","In Progress","Assessment","Sian Ka'an","Good with some concerns","High Threat","High Threat","High Threat","Some Concern","Low Concern","Deteriorating",,,"1","2017"
"18862","elena","In Progress","Assessment","Meteora","Good with some concerns","Low Threat","Low Threat","Low Threat","Some Concern","Low Concern","Stable","High Concern","Data Deficient","1","2017"
"555622045","naomi","Completed","Assessment","Sanganeb Marine National Park and Dungonab Bay – Mukkawar Island Marine National Park","Good with some concerns","Low Threat","Low Threat","Low Threat","Some Concern","Good","Stable",,,"1","2017"
"555577560","wendy","In Progress","Assessment","Ancient Maya City and Protected Tropical Forests of Calakmul, Campeche","Significant Concern","High Threat","High Threat","High Threat","Some Concern","High Concern","Deteriorating","High Concern","Deteriorating","1","2017"
"124385","thierry","Completed","Assessment","W National Park of Niger","Significant Concern","High Threat","High Threat","Low Threat","Some Concern","High Concern","Deteriorating","High Concern","Deteriorating","2","2017"
"555556046","wendy","In Progress","Assessment","El Pinacate and Gran Desierto de Altar Biosphere Reserve","Good with some concerns","Low Threat","Low Threat","High Threat","Effective","Low Concern","Stable",,,"1","2017"
"902480","naomi","Completed","Assessment","Dong Phayayen-Khao Yai Forest Complex","Significant Concern","High Threat","High Threat","High Threat","Some Concern","High Concern","Stable","Data Deficient","Data Deficient","1","2017"
"555622047","paul","Completed","Assessment","Lut Desert","Good","Low Threat","Low Threat","Low Threat","Some Concern","Good","Data Deficient","Good","Data Deficient","1","2017"
"555542339","steveomondi","Completed","Assessment","Kenya Lake System in the Great Rift Valley","Good with some concerns","High Threat","High Threat","Data Deficient","Effective","Low Concern","Stable",,,"1","2017"
"145585","margaretgichuhi","Completed","Assessment","Mount Kenya National Park/Natural Forest","Good with some concerns","Low Threat","Low Threat","High Threat","Effective","Low Concern","Data Deficient","Data Deficient","Data Deficient","1","2017"
"12209","paul","Completed","Assessment","Škocjan Caves","Significant Concern","High Threat","High Threat","Very High Threat","Some Concern","Low Concern","Deteriorating","Low Concern","Data Deficient","1","2017"
"145582","elena","In Progress","Assessment","Cocos Island National Park","Significant Concern","High Threat","High Threat","High Threat","Some Concern","High Concern","Data Deficient","High Concern","Data Deficient","1","2017"
"555556045","elena","In Progress","Assessment","Xinjiang Tianshan","Good with some concerns","Low Threat","Low Threat","Low Threat","Effective","Good","Stable",,,"1","2017"
"2016","elena","In Progress","Assessment","Plitvice Lakes National Park","Good with some concerns","High Threat","High Threat","Low Threat","Effective","Low Concern","Stable",,,"1","2017"
"903130","elena","Completed","Assessment","Jeju Volcanic Island and Lava Tubes","Good","Low Threat","Low Threat","Low Threat","Effective","Good","Stable","Good","Stable","1","2017"
"67727","thomas","Completed","Assessment","Aïr and Ténéré Natural Reserves","Critical","Very High Threat","Very High Threat","High Threat","Some Concern","Critical","Deteriorating",,,"2","2017"
"555542336","elena","In Progress","Assessment","Ogasawara Islands","Good with some concerns","High Threat","High Threat","Low Threat","Effective","Low Concern","Data Deficient",,,"1","2017"
"10901","elena","In Progress","Assessment","Iguazú National Park","Significant Concern","Very High Threat","Very High Threat","Low Threat","Effective","High Concern","Stable",,,"1","2017"
"18337","elena","In Progress","Assessment","Hawaii Volcanoes National Park","Good","Very Low Threat","Very Low Threat","Very Low Threat","Effective","Good","Data Deficient","High Concern","Data Deficient","1","2017"
"555547988","elena","Completed","Assessment","Sangha Trinational","Significant Concern","High Threat","High Threat","High Threat","Some Concern","Low Concern","Stable",,,"1","2017"
"2007","elena","In Progress","Assessment","Sagarmatha National Park","Significant Concern","High Threat","High Threat","Data Deficient","Some Concern","Low Concern","Deteriorating","Data Deficient","Data Deficient","1","2017"
"555512002","elena","Completed","Assessment","Phoenix Islands Protected Area","Good","Low Threat","Low Threat","High Threat","Effective","Good","Improving","Data Deficient","Data Deficient","1","2017"
"123456","liloassessor","Completed","Assessment","Test Site","Good with some concerns","High Threat","High Threat","Low Threat","Some Concern","High Concern","Deteriorating","High Concern","Deteriorating","1","2017"
"555547990","elenaperez","Completed","Assessment","Western Ghats","Significant Concern","High Threat","High Threat","High Threat","Some Concern","Good","Data Deficient",,,"1","2017"
"12203","elena","In Progress","Assessment","Iguaçu National Park","Significant Concern","Very High Threat","Very High Threat","Very High Threat","Effective","High Concern","Stable",,,"1","2017"
"198299","naomi","Completed","Assessment","Puerto-Princesa Subterranean River National Park","Good with some concerns","High Threat","High Threat","Low Threat","Some Concern","Low Concern","Deteriorating",,,"1","2017"
"9628","emmamorgan","Completed","Assessment","Vallée de Mai Nature Reserve","Good with some concerns","High Threat","High Threat","High Threat","Effective","Low Concern","Stable",,,"1","2017"
"17757","elena","In Progress","Assessment","Wet Tropics of Queensland","Significant Concern","High Threat","Very High Threat","Low Threat","Effective","High Concern","Deteriorating",,,"1","2017"
"168239","elenaperez","Completed","Assessment","New Zealand Sub-Antarctic Islands","Good","Low Threat","Low Threat","Low Threat","Highly Effective","Low Concern","Stable",,,"1","2017"
"68915","elena","In Progress","Assessment","Shirakami-Sanchi","Good","Very Low Threat","Low Threat","Very Low Threat","Effective","Low Concern","Stable","Low Concern","Data Deficient","1","2017"
"900006","mizuki","Completed","Assessment","Maloti-Drakensberg Park","Good with some concerns","Low Threat","Low Threat","High Threat","Effective","Low Concern","Stable","Data Deficient","Data Deficient","1","2017"
"20388","elena","In Progress","Assessment","Banc d'Arguin National Park","Significant Concern","High Threat","High Threat","High Threat","Some Concern","Low Concern","Deteriorating",,,"1","2017"
"61604","elena","In Progress","Assessment","Australian Fossil Mammal Sites (Riversleigh / Naracoorte)","Good","Very Low Threat","Very Low Threat",,"Effective","Good","Stable","Good","Data Deficient","1","2017"
"67724","elena","In Progress","Assessment","Shark Bay, Western Australia","Good","Low Threat","Low Threat","Low Threat","Effective","Good","Stable",,,"1","2017"
"17761","david","Completed","Assessment","Kilimanjaro National Park","Good with some concerns","Low Threat","Low Threat",,"Effective","Low Concern","Deteriorating","Low Concern","Deteriorating","1","2017"
"900883","bernard","In Progress","Assessment","Phong Nha-Ke Bang National Park","Good with some concerns","Low Threat","Low Threat","Low Threat","Some Concern","Low Concern","Stable","High Concern","Data Deficient","1","2017"
"900889","bernard","In Progress","Assessment","Ha Long Bay","Good with some concerns","Low Threat","Low Threat","High Threat","Some Concern","Good","Data Deficient","Data Deficient","Data Deficient","1","2017"
"10747","elenaperez","Completed","Assessment","Huascarán National Park","Significant Concern","High Threat","High Threat","High Threat","Serious Concern","High Concern","Deteriorating","High Concern","Deteriorating","3","2017"
"900631","elenaperez","Completed","Assessment","Brazilian Atlantic Islands: Fernando de Noronha and Atol das Rocas Reserves","Good with some concerns","High Threat","High Threat","Low Threat","Some Concern","Low Concern","Stable","Low Concern","Stable","1","2017"
"9614","elena","In Progress","Assessment","Sangay National Park","Significant Concern","High Threat","High Threat","High Threat","Some Concern","Low Concern","Deteriorating",,,"1","2017"
"68918","elena","In Progress","Assessment","Whale Sanctuary of El Vizcaíno","Good with some concerns","High Threat","High Threat","High Threat","Effective","Low Concern","Stable","Low Concern","Stable","1","2017"
"903062","julie","Completed","Assessment","Rainforests of the Atsinanana","Significant Concern","High Threat","High Threat","High Threat","Some Concern","Low Concern","Deteriorating","Low Concern","Deteriorating","2","2017"
"2575","andreabyrom","In Progress","Assessment","Serengeti National Park","Good with some concerns","Low Threat","Low Threat","High Threat","Effective","Low Concern","Stable",,,"1","2017"
"220294","alistair","Completed","Assessment","Greater Blue Mountains Area","Good with some concerns","High Threat","High Threat","High Threat","Effective","Low Concern","Stable",,,"1","2017"
"5005","tilman","In Progress","Assessment","Selous Game Reserve","Critical","Very High Threat","Very High Threat","High Threat","Serious Concern","Critical","Deteriorating","Data Deficient","Data Deficient","1","2017"
"26689","stephenwoodley","Completed","Assessment","Canadian Rocky Mountain Parks","Significant Concern","High Threat","High Threat","Data Deficient","Serious Concern","High Concern","Deteriorating","High Concern","Deteriorating","1","2017"
"168242","bernard","Completed","Assessment","East Rennell","Significant Concern","Very High Threat","Very High Threat","High Threat","Serious Concern","High Concern","Data Deficient","Data Deficient","Deteriorating","1","2017"
"18863","elena","In Progress","Assessment","Mount Athos","Good with some concerns","Low Threat","Low Threat","High Threat","Some Concern","Low Concern","Stable","Data Deficient","Data Deficient","1","2017"
"17759","alisonwoodley","Completed","Assessment","Gros Morne National Park","Good with some concerns","Low Threat","Low Threat","High Threat","Effective","Low Concern","Stable","High Concern","Stable","1","2017"
"2015","elenaperez","Completed","Assessment","Natural and Cultural Heritage of the Ohrid region","Significant Concern","High Threat","High Threat","High Threat","Some Concern","High Concern","Deteriorating","Low Concern","Stable","1","2017"
"2574","elena","In Progress","Assessment","Mount Nimba Strict Nature Reserve","Critical","Very High Threat","Very High Threat","Very High Threat","Serious Concern","Critical","Stable",,,"2","2017"
"2578","elena","In Progress","Assessment","Djoudj National Bird Sanctuary","Significant Concern","High Threat","High Threat","Low Threat","Some Concern","High Concern","Stable",,,"2","2017"
"5003","elena","In Progress","Assessment","Taï National Park","Good with some concerns","Low Threat","Low Threat",,"Some Concern","High Concern","Stable","High Concern","Data Deficient","2","2017"
"9545","elena","In Progress","Assessment","Comoé National Park","Critical","Very High Threat","Very High Threat","Data Deficient","Serious Concern","Critical","Improving",,,"1","2017"
"4328","elenaperez","Completed","Assessment","Kahuzi-Biéga National Park","Critical","Very High Threat","Very High Threat","High Threat","Some Concern","High Concern","Deteriorating",,,"1","2017"
"220292","elena","In Progress","Assessment","Kinabalu Park","Good with some concerns","Low Threat","Low Threat","Low Threat","Effective","Low Concern","Stable",,,"1","2017"
"555577559","elena","In Progress","Assessment","Trang An Landscape Complex","Significant Concern","High Threat","Low Threat","High Threat","Some Concern","High Concern","Data Deficient","Low Concern","Data Deficient","1","2017"
"2011","elena","In Progress","Assessment","Grand Canyon National Park","Good with some concerns","High Threat","Low Threat","High Threat","Effective","Low Concern","Stable",,,"1","2017"
"93295","elizabeth","Completed","Assessment","Waterton-Glacier International Peace Park","Good with some concerns","Low Threat","Low Threat","Low Threat","Effective","Low Concern","Stable","Low Concern","Improving","1","2017"
"900629","elenaperez","Completed","Assessment","Central Sikhote-Alin","Good with some concerns","Low Threat","High Threat","Low Threat","Highly Effective","Low Concern","Stable",,,"1","2017"
"2017","elena","Completed","Assessment","Virunga National Park","Critical","Very High Threat","Very High Threat","Very High Threat","Some Concern","High Concern","Data Deficient","High Concern","Data Deficient","1","2017"
"900879","elena","In Progress","Assessment","Monte San Giorgio","Good","Very Low Threat","Very Low Threat","Very Low Threat","Highly Effective","Good","Stable","Data Deficient","Data Deficient","1","2017"
"124388","elenaperez","Completed","Assessment","Laponian Area","Good","Very Low Threat","Very Low Threat","Low Threat","Highly Effective","Good","Stable",,,"1","2017"
"9617","elena","In Progress","Assessment","Gulf of Porto: Calanche of Piana, Gulf of Girolata, Scandola Reserve","Good with some concerns","Low Threat","Low Threat","Data Deficient","Some Concern","Low Concern","Stable",,,"2","2017"
"555547987","elena","In Progress","Assessment","Lakes of Ounianga","Good with some concerns","Low Threat","Low Threat","Low Threat","Some Concern","Good","Stable",,,"1","2017"
"2012","elenaperez","Completed","Assessment","Everglades National Park","Critical","Very High Threat","Very High Threat","High Threat","Some Concern","Critical","Deteriorating",,,"1","2017"
"478637","elena","In Progress","Assessment","Göreme National Park and the Rock Sites of Cappadocia","Good with some concerns","High Threat","High Threat","Low Threat","Effective","Low Concern","Improving",,,"1","2017"
"2013","mel","Completed","Assessment","Yellowstone National Park","Good with some concerns","Low Threat","Low Threat","Low Threat","Effective","Low Concern","Stable","Good","Improving","1","2017"
"2018","matea","Completed","Assessment","Kluane / Wrangell-St Elias / Glacier Bay / Tatshenshini-Alsek","Good with some concerns","Low Threat","Low Threat","High Threat","Effective","Low Concern","Deteriorating",,,"1","2017"
"198300","elena","In Progress","Assessment","Laurisilva of Madeira","Good with some concerns","Low Threat","High Threat","Low Threat","Some Concern","Low Concern","Stable","High Concern","Data Deficient","1","2017"
"555512001","elena","In Progress","Assessment","Papahanaumokuakea","Good","Low Threat","Low Threat","High Threat","Effective","Low Concern","Stable",,,"1","2017"
"145583","thierry","Completed","Assessment","Morne Trois Pitons National Park","Good with some concerns","Low Threat","Low Threat","High Threat","Some Concern","Low Concern","Deteriorating","High Concern","Deteriorating","1","2017"
"902481","elena","In Progress","Assessment","Islands and Protected Areas of the Gulf of California","Good with some concerns","High Threat","High Threat","High Threat","Effective","Good","Data Deficient",,,"1","2017"
"4325","elena","Completed","Assessment","Redwood National and State Parks","Good with some concerns","High Threat","High Threat","Data Deficient","Effective","Good","Stable","Low Concern","Deteriorating","1","2017"
"145590","thierry","In Progress","Assessment","Pyrénées - Mont Perdu","Good with some concerns","Low Threat","Low Threat","Low Threat","Effective","Good","Stable","Low Concern","Stable","1","2017"
"478640","elena","In Progress","Assessment","Hierapolis-Pamukkale","Good with some concerns","High Threat","High Threat","Low Threat","Some Concern","Low Concern","Data Deficient",,,"1","2017"
"10744","elena","In Progress","Assessment","Kaziranga National Park","Significant Concern","High Threat","High Threat","Low Threat","Effective","High Concern","Stable",,,"1","2017"
"10905","elena","In Progress","Assessment","Chitwan National Park","Significant Concern","High Threat","High Threat","Very High Threat","Effective","High Concern","Stable",,,"1","2017"
"5002","tilman","In Progress","Assessment","Río Plátano Biosphere Reserve","Critical","Very High Threat","Very High Threat","Data Deficient","Serious Concern","Critical","Improving",,,"1","2017"
"903129","elena","In Progress","Assessment","Ecosystem and Relict Cultural Landscape of Lopé-Okanda","Good with some concerns","High Threat","High Threat","High Threat","Some Concern","Low Concern","Data Deficient",,,"2","2017"
"61612","elenaperez","Completed","Assessment","Canaima National Park","Significant Concern","Very High Threat","Very High Threat","Data Deficient","Serious Concern","High Concern","Deteriorating","Data Deficient","Deteriorating","3","2017"
"900008","elena","In Progress","Assessment","Isole Eolie (Aeolian Islands)","Good with some concerns","Very Low Threat","Very Low Threat","Data Deficient","Serious Concern","Good","Stable","High Concern","Deteriorating","1","2017"
"10745","elena","In Progress","Assessment","Manas Wildlife Sanctuary","Significant Concern","High Threat","High Threat","High Threat","Some Concern","High Concern","Data Deficient","Data Deficient","Data Deficient","1","2017"
"124389","elena","In Progress","Assessment","Okapi Wildlife Reserve","Critical","Very High Threat","Very High Threat","Low Threat","Serious Concern","High Concern","Deteriorating",,,"1","2017"
"2004","mel","Completed","Assessment","Dinosaur Provincial Park","Good","Low Threat","Low Threat","Very Low Threat","Highly Effective","Good","Stable","Good","Stable","1","2017"
"2554","tilman","In Progress","Assessment","Darién National Park","Significant Concern","High Threat","High Threat","High Threat","Some Concern","High Concern","Deteriorating","High Concern","Deteriorating","1","2017"
"5001","elena","In Progress","Assessment","Lord Howe Island Group","Good","High Threat","High Threat","Low Threat","Highly Effective","Low Concern","Data Deficient",,,"1","2017"
"2570","tilman","In Progress","Assessment","Los Glaciares National Park","Good with some concerns","Low Threat","Low Threat","Low Threat","Effective","Low Concern","Deteriorating","High Concern","Deteriorating","1","2017"
"10908","matea","Completed","Assessment","Yosemite National Park","Good with some concerns","Low Threat","Low Threat","Low Threat","Effective","Low Concern","Stable","Low Concern","Data Deficient","1","2017"
"68917","philip","Completed","Assessment","Tubbataha Reefs Natural Park","Good","Low Threat","Low Threat","High Threat","Highly Effective","Good","Stable",,,"1","2017"
"9632","destry","Completed","Assessment","Great Smoky Mountains National Park","Good with some concerns","High Threat","High Threat","Low Threat","Effective","Low Concern","Stable",,,"1","2017"
"168241","tilman","Completed","Assessment","Golden Mountains of Altai","Significant Concern","High Threat","Low Threat","High Threat","Some Concern","Low Concern","Stable","Data Deficient","Data Deficient","1","2017"
"198294","elenaperez","Completed","Assessment","Miguasha National Park","Good","Very Low Threat","Very Low Threat","Low Threat","Effective","Good","Stable",,,"1","2017"
"220291","tilman","In Progress","Assessment","Ischigualasto-Talampaya Natural Parks","Good","Low Threat","Low Threat",,"Effective","Good","Data Deficient","High Concern","Improving","1","2017"
"5000","tilman","In Progress","Assessment","Tasmanian Wilderness","Good with some concerns","High Threat","High Threat","High Threat","Effective","Low Concern","Stable",,,"1","2017"
"900881","tilman","In Progress","Assessment","Three Parallel Rivers of Yunnan Protected Areas","Significant Concern","Very High Threat","High Threat","Very High Threat","Some Concern","High Concern","Deteriorating",,,"1","2017"
"197","tilman","In Progress","Assessment","Tikal National Park","Good with some concerns","Low Threat","Low Threat","Low Threat","Some Concern","Low Concern","Deteriorating","Low Concern","Deteriorating","1","2017"
"2579","destry","Completed","Assessment","Olympic National Park","Good with some concerns","Low Threat","High Threat","Low Threat","Highly Effective","Low Concern","Deteriorating","Low Concern","Data Deficient","1","2017"
"902482","tilman","Completed","Assessment","Shiretoko","Good with some concerns","High Threat","High Threat","Data Deficient","Some Concern","Low Concern","Stable","Data Deficient","Data Deficient","1","2017"
"26652","bruce","In Progress","Assessment","Te Wahipounamu – South West New Zealand","Good with some concerns","Low Threat","Low Threat","High Threat","Effective","Low Concern","Stable",,,"1","2017"
"2006","mizuki","Completed","Review","Simien National Park","Significant Concern","High Threat","High Threat","High Threat","Serious Concern","High Concern","Improving",,,"1","2017"
"902483","mizuki","Completed","Review","Vredefort Dome","Significant Concern","Low Threat","High Threat","Low Threat","Serious Concern","Low Concern","Stable","Low Concern","Stable","1","2017"
"555556047","elena","In Progress","Assessment","Mount Etna","Good","Very Low Threat","Very Low Threat",,"Effective","Good","Stable","Low Concern","Stable","1","2017"
"555622042","bruce","Completed","Assessment","Hubei Shennongjia","Good with some concerns","High Threat","Data Deficient","Low Threat","Effective","Low Concern","Stable","High Concern","Data Deficient","1","2017"
"2005","chuckblyth","Completed","Assessment","Nahanni National Park","Good with some concerns","High Threat","Low Threat","High Threat","Some Concern","Good","Stable",,,"1","2017"
"93291","destry","Completed","Assessment","Carlsbad Caverns National Park","Good with some concerns","Low Threat","Very Low Threat","High Threat","Effective","Good","Stable","Low Concern","Improving","1","2017"
"4327","elena","In Progress","Assessment","Garamba National Park","Critical","Very High Threat","Very High Threat","Low Threat","Some Concern","High Concern","Data Deficient","Good","Stable","1","2017"
"9623","paula","In Progress","Assessment","Historic Sanctuary of Machu Picchu","Significant Concern","Very High Threat","Very High Threat","Very High Threat","Some Concern","High Concern","Deteriorating","High Concern","Deteriorating","1","2017"
"26653","mizuki","Completed","Assessment","Tsingy de Bemaraha Strict Nature Reserve","Good with some concerns","High Threat","High Threat","Data Deficient","Effective","Low Concern","Stable",,,"1","2017"
"2577","destry","Completed","Assessment","Mammoth Cave National Park","Good with some concerns","High Threat","High Threat","Low Threat","Effective","High Concern","Stable","Low Concern","Stable","1","2017"
"198301","carlo","In Progress","Assessment","Western Caucasus","Significant Concern","Very High Threat","High Threat","Very High Threat","Serious Concern","Low Concern","Deteriorating",,,"1","2017"
"555577557","elena","In Progress","Assessment","Great Himalayan National Park Conservation Area","Good with some concerns","Low Threat","Low Threat","Low Threat","Effective","Low Concern","Data Deficient",,,"1","2017"
"145579","elena","In Progress","Assessment","Macquarie Island","Good with some concerns","High Threat","High Threat","High Threat","Highly Effective","Low Concern","Data Deficient","High Concern","Data Deficient","1","2017"
"902347","mizuki","Completed","Review","Cape Floral Region Protected Areas","Significant Concern","High Threat","High Threat","High Threat","Some Concern","Low Concern","Deteriorating",,,"1","2017"
"220297","tilman","Completed","Assessment","Pantanal Conservation Complex","Significant Concern","Very High Threat","Very High Threat","Very High Threat","Serious Concern","High Concern","Deteriorating",,,"1","2017"
"198302","mizuki","Completed","Review","iSimangaliso Wetland Park","Good with some concerns","High Threat","High Threat","Low Threat","Effective","Low Concern","Improving",,,"1","2017"
"10746","elena","In Progress","Assessment","Keoladeo National Park","Good with some concerns","Low Threat","Low Threat","Low Threat","Effective","High Concern","Data Deficient","High Concern","Data Deficient","1","2017"
"61610","tilman","Completed","Assessment","Los Katios National Park","Significant Concern","High Threat","High Threat","High Threat","Some Concern","High Concern","Stable","High Concern","Stable","1","2017"
"5004","rebeccaklaus","Completed","Assessment","Aldabra Atoll","Good with some concerns","High Threat","High Threat","High Threat","Highly Effective","Low Concern","Stable",,,"2","2017"
"2571","naomi","In Progress","Assessment","Great Barrier Reef","Significant Concern","Very High Threat","High Threat","Very High Threat","Effective","High Concern","Deteriorating",,,"1","2017"
"145586","mizuki","Completed","Review","Lake Turkana National Parks","Critical","Very High Threat","Very High Threat","High Threat","Serious Concern","High Concern","Deteriorating",,,"1","2017"
"198297","elena","In Progress","Assessment","Desembarco del Granma National Park","Good with some concerns","Low Threat","Low Threat","Low Threat","Effective","Low Concern","Stable","Data Deficient","Data Deficient","1","2017"
"17760","tilman","Completed","Assessment","Manú National Park","Significant Concern","High Threat","Low Threat","High Threat","Some Concern","Low Concern","Deteriorating","High Concern","Deteriorating","1","2017"
"903137","elena","In Progress","Assessment","Saryarka – Steppe and Lakes of Northern Kazakhstan","Good with some concerns","Low Threat","Low Threat","Low Threat","Effective","Low Concern","Stable",,,"1","2017"
"93292","juraj","Completed","Assessment","Caves of Aggtelek Karst and Slovak Karst","Good with some concerns","Low Threat","Low Threat","Low Threat","Effective","Good","Stable","Data Deficient","Data Deficient","1","2017"
"67725","naomi","Completed","Assessment","Komodo National Park","Significant Concern","High Threat","High Threat","High Threat","Some Concern","Low Concern","Deteriorating",,,"1","2017"
"900628","elena","In Progress","Assessment","Alejandro de Humboldt National Park","Good with some concerns","High Threat","Low Threat","High Threat","Effective","Low Concern","Improving","Low Concern","Data Deficient","1","2017"
"12896","mizuki","Completed","Review","Henderson Island","Significant Concern","High Threat","High Threat","High Threat","Some Concern","High Concern","Deteriorating","Good","Stable","1","2017"
"555577556","elena","In Progress","Assessment","Stevns Klint","Good","Very Low Threat","Low Threat","Very Low Threat","Highly Effective","Good","Stable","Data Deficient","Data Deficient","1","2017"
"903140","elenaperez","Completed","Assessment","Swiss Tectonic Arena Sardona","Good","Very Low Threat","Very Low Threat","Very Low Threat","Highly Effective","Good","Stable","Data Deficient","Data Deficient","1","2017"
"555556049","elena","In Progress","Assessment","Tajik National Park (Mountains of the Pamirs)","Good with some concerns","Low Threat","Low Threat","Low Threat","Some Concern","Good","Stable","Low Concern","Stable","1","2017"
"93290","elena","In Progress","Assessment","Messel Pit Fossil Site","Good","Very Low Threat","Low Threat","Very Low Threat","Highly Effective","Good","Improving",,,"1","2017"
"124386","elena","In Progress","Assessment","Lake Baikal","Good with some concerns","High Threat","High Threat","High Threat","Some Concern","Low Concern","Deteriorating","High Concern","Deteriorating","1","2017"
"124387","elena","In Progress","Assessment","Volcanoes of Kamchatka","Significant Concern","High Threat","High Threat","Data Deficient","Serious Concern","High Concern","Stable",,,"1","2017"
"93294","elena","In Progress","Assessment","Virgin Komi Forests","Significant Concern","Very High Threat","High Threat","Very High Threat","Serious Concern","Low Concern","Deteriorating","Data Deficient","Data Deficient","1","2017"
"2010","mizuki","Completed","Review","Ngorongoro Conservation Area","Good with some concerns","Low Threat","High Threat","Low Threat","Effective","Low Concern","Stable","Low Concern","Data Deficient","1","2017"
"198291","tilman","Completed","Assessment","Península Valdés","Significant Concern","High Threat","High Threat","Low Threat","Serious Concern","High Concern","Deteriorating","High Concern","Stable","1","2017"
"903141","elena","In Progress","Assessment","Ancient and Primeval Beech Forests of the Carpathians and Other Regions of Europe","Good with some concerns","Low Threat","Low Threat","High Threat","Some Concern","Low Concern","Stable","Low Concern","Stable","1","2017"
"478641","elena","In Progress","Assessment","The Dolomites","Good with some concerns","Low Threat","Low Threat","Very Low Threat","Some Concern","Low Concern","Stable","Low Concern","Data Deficient","1","2017"
"145576","elena","In Progress","Assessment","Heard and McDonald Islands","Good","Low Threat","Low Threat","Data Deficient","Effective","Good","Stable","Data Deficient","Stable","1","2017"
"61608","mizuki","Completed","Review","Rwenzori Mountains National Park","Good with some concerns","Low Threat","Low Threat","Data Deficient","Some Concern","Low Concern","Data Deficient","Data Deficient","Data Deficient","1","2017"
"555542338","elena","In Progress","Assessment","Ningaloo Coast","Good","Low Threat","Low Threat","Data Deficient","Highly Effective","Good","Data Deficient","Good","Data Deficient","1","2017"
"220293","elena","In Progress","Assessment","Gunung Mulu National Park","Good","Low Threat","Low Threat","Low Threat","Highly Effective","Good","Stable",,,"1","2017"
"67732","elena","In Progress","Assessment","Jiuzhaigou Valley Scenic and Historic Interest Area","Good with some concerns","Low Threat","Low Threat","Low Threat","Effective","Low Concern","Improving","Data Deficient","Stable","1","2017"
"67731","elena","In Progress","Assessment","Wulingyuan Scenic and Historic Interest Area","Significant Concern","Low Threat","Low Threat","Data Deficient","Some Concern","High Concern","Data Deficient",,,"1","2017"
"478638","michael","In Progress","Assessment","The Wadden Sea","Good","High Threat","High Threat","Low Threat","Highly Effective","Good","Data Deficient","Good","Data Deficient","1","2017"
"124384","elena","In Progress","Assessment","Mount Emei Scenic Area, including Leshan Giant Buddha Scenic Area","Good","Very Low Threat","Very Low Threat",,"Effective","Low Concern","Data Deficient",,,"1","2017"
"16793","elena","In Progress","Assessment","Nanda Devi and Valley of Flowers National Parks","Good with some concerns","High Threat","Low Threat","High Threat","Effective","Good","Stable",,,"1","2017"
"555622046","marc","In Progress","Assessment","Mistaken Point",,,,,,,,,,"1","2017"
"198293","elena","In Progress","Assessment","Atlantic Forest Southeast Reserves","Significant Concern","Very High Threat","Very High Threat","High Threat","Some Concern","High Concern","Deteriorating",,,"1","2017"
"198292","elena","In Progress","Assessment","Discovery Coast Atlantic Forest Reserves","Significant Concern","Very High Threat","Very High Threat","Very High Threat","Some Concern","High Concern","Deteriorating","High Concern","Deteriorating","1","2017"
"198295","elena","In Progress","Assessment","Mount Wuyi","Good with some concerns","High Threat","High Threat","Low Threat","Effective","Low Concern","Stable",,,"1","2017"
"555547991","elena","In Progress","Assessment","Lena Pillars Nature Park","Good","Very Low Threat","Very Low Threat","Low Threat","Effective","Good","Stable","Good","Stable","1","2017"
"198298","elena","In Progress","Assessment","Lorentz National Park","Significant Concern","High Threat","High Threat","High Threat","Serious Concern","Low Concern","Deteriorating",,,"1","2017"
"555577558","elena","In Progress","Assessment","Mount Hamiguitan Range Wildlife Sanctuary","Good","Very Low Threat","Very Low Threat","Low Threat","Effective","Good","Data Deficient","Good","Data Deficient","1","2017"
"67729","elena","In Progress","Assessment","Thungyai - Huai Kha Khaeng Wildlife Sanctuaries","Good with some concerns","High Threat","High Threat","High Threat","Some Concern","Low Concern","Stable","Low Concern","Stable","1","2017"
"67726","elena","In Progress","Assessment","Ujung Kulon National Park","Significant Concern","High Threat","High Threat","High Threat","Effective","High Concern","Stable",,,"1","2017"
"68916","elena","In Progress","Assessment","Yakushima","Good with some concerns","Low Threat","Low Threat","Low Threat","Some Concern","Low Concern","Stable",,,"1","2017"
"26654","elena","In Progress","Assessment","Mount Huangshan","Good","Low Threat","Low Threat","Very Low Threat","Highly Effective","Low Concern","Data Deficient",,,"1","2017"
"903139","elenaperez","Completed","Assessment","Surtsey","Good","Low Threat","Low Threat","Low Threat","Effective","Good","Stable","Good","Improving","1","2017"
"12207","andrewcooper","Completed","Assessment","Giant's Causeway and Causeway Coast","Significant Concern","High Threat","High Threat","Low Threat","Effective","Low Concern","Stable","Good","Data Deficient","1","2017"
"555512005","elena","In Progress","Assessment","China Danxia","Good","Low Threat","Low Threat","Data Deficient","Effective","Low Concern","Stable","Low Concern","Stable","1","2017"
"903131","elena","In Progress","Assessment","South China Karst","Good with some concerns","Low Threat","Low Threat","Low Threat","Effective","Good","Stable","Low Concern","Data Deficient","1","2017"
"10906","elena","In Progress","Assessment","Salonga National Park","Critical","High Threat","High Threat","Low Threat","Serious Concern","High Concern","Data Deficient",,,"1","2017"
"61611","mizuki","Completed","Review","Doñana National Park","Significant Concern","Very High Threat","Very High Threat","High Threat","Some Concern","High Concern","Deteriorating","Data Deficient","Data Deficient","1","2017"
"26651","elena","In Progress","Assessment","Rio Abiseo National Park","Significant Concern","High Threat","High Threat","High Threat","Serious Concern","Low Concern","Deteriorating","Low Concern","Deteriorating","3","2017"
"902373","elena","In Progress","Assessment","Ilulissat Icefjord","Good with some concerns","Low Threat","Low Threat","High Threat","Effective","Low Concern","Stable","Low Concern","Data Deficient","1","2017"
"902902","elena","In Progress","Assessment","Sichuan Giant Panda Sanctuaries – Wolong, Mount Siguniang & Jiajin Mountains","Good with some concerns","High Threat","High Threat","High Threat","Some Concern","Low Concern","Data Deficient",,,"1","2017"
"67733","elena","In Progress","Assessment","Huanglong Scenic and Historic Interest Area","Good with some concerns","Low Threat","Low Threat","Low Threat","Effective","Low Concern","Stable","Low Concern","Stable","1","2017"
"903136","elena","In Progress","Assessment","Mount Sanqingshan National Park","Good","Low Threat","Low Threat","Low Threat","Effective","Good","Data Deficient","Data Deficient","Data Deficient","1","2017"
"902899","elena","In Progress","Assessment","Malpelo Fauna and Flora Sanctuary","Good with some concerns","High Threat","Very High Threat","Low Threat","Some Concern","Low Concern","Stable","Low Concern","Data Deficient","1","2017"
"902367","elena","In Progress","Assessment","Pitons Management Area","Significant Concern","Very High Threat","Very High Threat",,"Some Concern","High Concern","Data Deficient","Data Deficient","Data Deficient","1","2017"
"198296","elena","In Progress","Assessment","Area de Conservación Guanacaste","Significant Concern","High Threat","High Threat","High Threat","Effective","High Concern","Deteriorating",,,"1","2017"
"10903","elena","In Progress","Assessment","Talamanca Range-La Amistad Reserves / La Amistad National Park","Significant Concern","High Threat","High Threat","High Threat","Some Concern","High Concern","Deteriorating","High Concern","Data Deficient","1","2017"
"2572","elena","In Progress","Assessment","Kakadu National Park","Significant Concern","High Threat","High Threat","High Threat","Highly Effective","High Concern","Stable",,,"1","2017"
"17758","elena","In Progress","Assessment","Dja Faunal Reserve",,,,,,,,,,"2","2017"
"900632","mizuki","In Progress","Assessment","Dorset and East Devon Coast","Good","Low Threat","Very Low Threat","Low Threat","Highly Effective","Good","Stable","Low Concern","Stable","1","2017"
